Meta:,"Description of lat long access for subspace/Obs, including startTime. t0 is s after startTime, t1 is s after t0."
Summ:,"During each time, Obs has known orbit Keplerian model and statistics."
Time,[s]
t0,t1
58625.5058174545,58668.496312583506
100195.22882711531,100238.69396594106
141763.232944675,141809.76921092608
189207.63171102456,189252.36844917815
230778.363026054,230821.27456280796
272347.9173495154,272391.60601849586
402931.2028565606,402974.07193671976
444500.5815474371,444544.52878969157
533513.5140643218,533557.5962213629
575084.0275585186,575126.8873947052
